NomeCandidato;NumeroUrna;QtdZonasVotado
ABAJUR;31013;48
ABDIAS;54186;22
ABRAAO DO QUEJO;12136;48
ADAILTON BARRETO;20338;23
ADALBERTO VIEIRA;13570;55
ADAUTO GOMES ELLUS;54190;46
ADEMAR COQUEIRO;54544;41
ADEMAR DO CONSÓRCIO;27713;33
ADEMIR DO VALE;65121;41
ADENIR PEREIRA;20800;13
ADINELSON MOTA;23867;49
ADIR;13010;54
ADO;15003;48
ADONAI HADAN;23369;40
ADRIANA;44631;25
AGENOR BISTECA;27687;29
AGNALDO FARIA GUINA;23018;56
AGOSTINHO GOMES;50156;54
AGOSTINHO MEIRELES;15077;51
AGRIPINO;12600;55
AGUINALDO TERRA;19410;45
AIRTON FIO;23120;39
AKIKO AKI;50900;52
ALBERTO RIBEIRO;14666;56
ALDA NASCIMENTO BARBARIOLI;50881;23
ALEMÃO;17111;48
ALEMÃO CINGAPURA;44800;44
ALESSANDRO AUREO;19190;51
ALEX MOTA;50222;56
ALEX NAVARRA;10337;48
ALEX SANDRA COSTA;23025;26
ALEXANDRE LEME;16005;34
ALEXANDRE PORTO;27000;57
ALICE PELIÇARIO;43034;39
ALICIO ANDRADE;19100;57
ALINE COBRA;13156;54
ALMEIDA PORTEIRO;65652;32
ALOYSIO PASSOS;12700;51
ALTAIR.CAVENCO;43009;54
ALVARO CAETANO;50555;52
AMARILDO REBENTO MC S;44010;35
AMARO;54054;37
AMILTON SALOMÃO;28880;24
AMOROSO NETO;12055;20
ANA LILIAN LOPES;55666;45
ANA MARTINS;65611;57
ANA PEREIRA;43103;47
ANA TRINDADE;12999;32
ANACLETO PEREIRA;43343;42
ANDERSON DO CARMO;70270;13
ANDERSON OLIVEIRA;36023;28
ANDREA PENTEADO;54149;4
ANDREA REGINA SILVA;19173;4
ANDREZINHO MACEDO;25125;53
ANDRÉ DO J. CÉLIO;50277;48
ANINHA;27131;39
ANTONIO ANANIAS;54100;57
ANTONIO ANDRADE;27300;38
ANTONIO MARIA;20012;50
ANTONIO NATAL;27077;27
ANTONIO OCILIO;50011;34
ARCELINO ARAÚJO;13613;57
ARI DO AGRESTE;14533;34
ARQ. DENIS DUCK;54333;45
ASSIS;27190;20
AYRTON LIMA BATISTA;12678;33
BARBARA DUARTE;19600;27
BASSUMA;43197;53
BATISTA TOSTAO;19655;35
BAXINHO DOG;23900;52
BEBÊ;27023;23
BEL CHAVES;40013;40
BERNARDO CERDEIRA;16008;14
BETAO DO LAVA-RAPIDO;70007;48
BETHY MORENO;70077;35
BETO PASCHOAL;14024;46
BIA CRUZ;50883;20
BIGODE ARAÚJO;65111;54
BIRA;65765;42
BIRA BALIEIRO;31456;41
BISPA SIMONE;54777;41
BISPO CARLOS SILVA;15777;56
BISPO FERNANDO, O BAIANO;31120;26
BOLA DA RODOVIÁRIA TIETÊ;31818;52
BOMBEIRO QUEIROZ;15193;57
BRANCO;36444;56
BRAZ PEREIRA;43144;42
BRIZOLLA;12269;27
BRUNA BABALU;50830;47
BRUNNA POTAME;23126;29
C. MARIO;19149;23
CABELO DE HELIÓPOLIS;19980;24
CACÁ;44910;36
CAL;31555;51
CAMILO PIRAMIDES;43198;34
CAP. MARTIN;12081;23
CARLITOS PASTTELLA;20914;21
CARLOS ALBERTO SANTOS;31333;55
CARLOS ARAUJO;43345;46
CARLOS BALADO;12008;45
CARLOS DA C.A.S.;14440;48
CARLOS MONTEIRO;27500;47
CARLOS VILAR;65759;36
CARMELITA TOLEDANO;15601;23
CARMEN;44012;38
CARMEN ROCHA;14022;43
CARMINHA;43042;35
CAROLINA JABAQUARA;50889;14
CARVALHO SALES;13001;57
CASTRO;10025;46
CATI LUIZ;28866;28
CELIA;23254;31
CELIA CUNHA;10453;41
CESAR GORRÃO;65500;49
CHAGAS;44034;53
CHAHIN;23456;57
CHAPINHA DO SAMBA DA VELA;65544;57
CHARLES MAIA;44123;49
CHICO ALVES;31971;42
CHICO GRETTER;50022;49
CHICO VICENTE;36123;42
CICERO DE HOLANDA;27125;24
CICERO MORAES;65719;38
CICINHO NASCIMENTO;13513;47
CIDA LIMA;13510;48
CIDO DA COMUNIDADE;31500;42
CILENE OU CILENE GADELHA;16011;14
CINDRA PINHEIRO;33800;20
CINTIA FLOR;44128;19
CINTRA;33370;18
CIOMARA FALA;43014;46
CLARA ESSA É BATATA;43011;51
CLAUDIA VIANNA;11444;48
CLAUDIA ZIMMARO;23210;33
CLAUDIO BENVINDO;50113;33
CLAUDIO CRUZ;28811;27
CLAUDIO DAL PRÁ;23411;54
CLAUDIO KRATOS;65190;42
CLEBER CAMPOS;50999;38
CLEUSA BADANAI;12140;32
CLODOALDO AZEVEDO;12056;44
COITÉ DO AÇOUGUE;19223;52
COMANDANTE HERMINE;21621;51
CONCEICAO VILLAS BOAS;23500;49
CONCEIÇÃO DOS SANTOS;28822;39
CORONEL QUEIROZ;43721;47
CORRETORA MARLENE;44314;17
CREUSA VIERA;22610;23
CREUZA;15136;23
CRISTIANE MOURA;19175;39
CRISTINA;12110;17
CRISTINA KIRSNER;43131;51
CYBELE FRANZI;12900;52
DAGMAR FIZIO;55900;45
DAGOBERTO BRANDAO;43386;47
DALL PIPAS;50001;43
DALVA DE OLIVEIRA;10010;55
DAMIÃO VIGILANTE;17123;52
DANI SCHWERY;45300;56
DANIEL ARAUJO;65565;36
DANIEL MILA;36217;34
DANIEL MONTEIRO;23600;55
DANON;44418;47
DANONE;31011;46
DAVI MORAES;12001;40
DAVID BRANCO;70970;12
DEBORAH VERISSIMO;43699;53
DELLA MONICA;23047;39
DELVAIR PRADO;12789;54
DENILSON VILELA;33231;34
DENISE DEDA;54542;1
DENISIA LIMA;22800;44
DENIVAL - ESSE É O CARA;55755;54
DERCIO PIPAS;10154;38
DINA BARBOSA;12859;20
DIRCE TERRIANO;23275;22
DJALMA FILHO;33678;14
DONATO RAPOLLI;14713;36
DORA REATEGUI;19191;22
DORINHA ANDORINHA;43055;53
DOUTOR GARCIA;33123;29
DOUTOR MARCOS;19192;56
DR LAURO;31777;53
DR LUIZ MENDES;19456;22
DR MARCOS RAUL;50456;36
DR. ALEX SANTOS;12899;30
DR. ALEXANDRE NOGUEIRA;23347;32
DR. AUGUSTO;15011;57
DR. CAMEIRÃO;14171;36
DR. CRISTIANO MOREIRA;65222;47
DR. FAISSAL;22022;57
DR. LUIZ;65556;28
DR. MARCELO MACHADO;19222;54
DR. PAULO ROBERTO ROSENO;70133;47
DR. RENATO;14020;46
DR. RODNEI CESAR;44157;44
DR. SEBASTIÃO;10545;48
DR. WALTER;43431;55
DR. WASHINGTON ARAUJO;43080;51
DR.CELSO SANTOS;70198;43
DR.GIULIANO FIORETTI;23079;49
DRA MÁRCIA;13168;46
DRA ROSSANNA NOCITO;12027;43
DRA. GRACIELA TABARELLI;14700;53
DRA. VANESSA;20303;50
DRª HAIFA;43903;53
DUDU DO BRAS;33140;14
DULCE HELENA;70051;31
DÉBORA FERREIRA;33789;14
ED CARLOS;10233;55
EDDY LIMA SHOW;13007;53
EDI;12111;47
EDINALVA PEDREIRA;27367;7
EDINORÁ;15756;41
EDMAR FERREIRA;19400;51
EDMILSON CARIOLANDO;43113;30
EDNA DIAS;27075;35
EDSINHO;65276;17
EDSON CLARO;44777;55
EDUARDO ALMEIDA NETO;16007;40
EDUARDO GIRON;70333;51
EDUARDO SANAZAR;70000;57
EGIDIO DA PADARIA;27057;9
ELAINE CORREA;11666;52
ELCIO MUNIN;43900;24
ELIANA TOSCANO;50220;31
ELIANE CHAGAS;65135;37
ELIAS INSTRUTOR;50737;37
ELIAS TANAKA;14325;38
ELIEL JUNQUEIRA;15062;41
ELIENE RIBEIRO;20700;36
ELISEU SOARES;50105;33
ELIZEU SANTOS;28887;9
ELIÉZER;65600;42
ELTON ALVES;27181;20
EMERSON RICARDO;65755;30
ENFERMEIRO GERMANO VETTAS;70771;41
ENG. RENATO DAMAS;11567;51
ENIO GOMES;45700;57
ENOQUE NASCIMENTO;44119;32
ERALDO ESSE É DA COMUNIDADE;43643;43
ERICK MACIEL;17233;39
ESTER;14123;55
EVERALDO CHIBIU;31222;35
EVERALDO FERREIRA;70444;21
FABIANA EISSER;19026;37
FABIO ADONIS;65199;54
FABIO CARVALHO;65777;44
FABIO OGAWA;27400;25
FABIO RUAS;15157;42
FABIO SIQUEIRA;31144;45
FABIO SOUTO;55013;57
FARIA LIMA;23502;28
FARID;45600;57
FATEL BARBOSA;14051;50
FATIMA;13564;51
FATIMA BARBOSA;43251;54
FATIMA BARREIRA;15332;41
FELICIA;43003;44
FELIPE GUERRA;23015;40
FERNANDO ARAUJO;12400;56
FERNANDO BIKE;50007;48
FERNANDO NUNES;14002;40
FERNANDO VILA VERDE;22900;46
FERNANDO ZONA SUL;40321;47
FERREIRA COHAB I;50111;54
FLAVIUS;15008;49
FLEXA;12262;48
FLOR;22007;47
FRAN;19083;16
FRANCIS CABELEIREIRO;65410;34
FRANCISCA SURIANO;43088;41
FRANCISCO LINHARES;50193;47
FRANCISCO MIGUEL;65349;18
FRANCISCO NOGUEIRA;33191;39
FRANCISCO SOUZA;33133;47
FRANKLIN ANDRADE;23022;40
FRED DIMOV;14369;46
FRED RIBEIRO;19219;33
FREDERICO SOSNOWSKI;50850;57
FÁBIO MOURÃO;14033;52
GABIN;20456;50
GABRIELZINHO - O COLEGUINHA;23458;42
GALDINO;45866;49
GERALDO NOBREGA;40007;50
GERSON;36036;38
GERSON ISIDORO KADOSHI;31002;41
GI DO PSOL;50995;17
GIBA JÚNIOR;28813;25
GIL BALA;70335;19
GIL PERY;54369;17
GIL PONCIANO;50234;51
GILMAR BRANDÃO;31001;43
GILMAR XAVIER;33500;37
GILSON AMARAL;23132;25
GILSON FICO;43234;48
GILSON RODRIGUES;54654;57
GILVANDO UNIDO AO POVO;33853;13
GISLAINE;44045;37
GLEICY VARISO;44331;47
GLORINHA;65069;44
GONÇALO BORGES;31008;55
GORDINHO DA PAZ;31131;34
GORETE PASQUAL;27107;24
GORETI PROTA;50884;9
GRECIONE;44023;19
GREGSON ANTONIO;65552;23
GUEDES;31655;22
GUELL ALMEIDA;10013;46
GUERRA;70666;32
GUIZZO;14770;41
GUTO MARDEGAN;50955;46
HARICLIA CASTELLANI;40120;32
HAROLDO GUERRA;23023;56
HELENA CABELEIREIRA;31012;49
HELENA RODRIGUES;43300;53
HELIO SILVA;54111;40
HELOISA SOUZA;20011;50
HILDA FURACÃO;23698;29
HILDA ROCHA;19208;28
HOMENZINHO JAÇANÃ;44888;42
HONORIO JOSE;27766;20
HUBER GAMA;14551;52
IARA GRACIANO;19358;24
IARIA COLARES;15915;40
ILDA FIORE;54789;54
INALDO DA CONSTRUÇÃO CIVIL;12009;42
INARA SWOBODA;33363;11
IORIO NETO;27123;40
IRENE ALVES CORREA;50053;22
IRMAO JORGE;70050;17
IRMÃ LEO;50012;31
ISA;50712;13
ISA GODOY;12007;36
ISABEL FERRAREZ;27773;37
ISAQUE É DEZ;10600;41
ISAURA MARTINS;23002;10
ITAGIBA;44345;34
ITAMAR SUSU;65060;47
IVAN DA FARMACIA;23012;56
IVAN DE OLIVEIRA;17101;34
IVETE SOUZA;31057;23
IVIE;50778;6
IZILDINHA;10789;36
J.MARCELO VIEIRA;43430;40
JADSON MORAES;40011;54
JAIRINHO;65910;31
JAIRO LUIZ TELES;15655;55
JAIRO XAVIER;27600;23
JAJA;12328;40
JAMES LOSACCO;43012;45
JAMILZINHO COMUNIDADE;23236;27
JAMINHO KIXODO;10888;51
JAÇA;44930;24
JCALDEIRA;65772;46
JEAN NASCIMENTO;43167;50
JEFFERSON JULIÃO;10112;50
JOANA BRIGIDO;44562;28
JOAO ALVES;65013;43
JOAO BATISTA;43139;50
JOAQUIM CASAES;19091;25
JOCA;31019;32
JOHNNY;17777;50
JONAS PEREIRA;43331;56
JORGE FUZIL;65125;53
JORGE ROBSON;44110;33
JOSE ARAUJO;70057;14
JOSE ARLINDO;19300;36
JOSE ILTON;19555;23
JOSE NILO;50300;29
JOSEFA ALBUQUERQUE;70222;28
JOSÉ AUGUSTO ( GUTO);13913;48
JOSÉ CHAGAS;19111;42
JOSÉ IRAN;45900;56
JOSÉ PEREIRA;19250;10
JOSÉ SANTOS;31133;43
JOÃO CAMILO;31035;48
JOÃO MARTINS;10236;53
JOÃO MESQUITA;50199;34
JOÃO ZELADOR;27323;47
JOÃOZINHO DA RETIFICA;19900;42
JR;19359;55
JULIANA LIMA;28876;29
JULIANA SILVA;36006;2
JURA JURANDYR;70110;28
JURANDI GARCIA;65133;41
JUVENIL;19290;25
JÔ ALMEIDA;12814;20
JÔ ARTESÃ;11113;53
KATE CHRISTINA;27182;9
KATIA BATISTA;13747;41
KATIA SERVULO;36167;18
KELY;50776;7
KFOURI;50046;44
KHÁLED MAHASSEN;65300;49
KINGNALDO O POETA;31444;40
LEANDRO;23330;55
LEANDRO SANTOS;19189;40
LEIA BAIANA;19015;43
LEILA;15257;27
LEONARDO RODRIGUES;54272;35
LEONILSON QUEIRÓZ;13077;38
LIA;43434;38
LIDIA CORREA;54754;56
LINDA TORRES;65138;22
LINDOMAR;23030;18
LIVINO REIS;50606;34
LIXEIRO;40600;55
LIZETTI GERAISSATI;23231;47
LOURDES CAVALCANTI;12749;18
LOURDES QUADROS;16789;57
LOURIVAL NENO;33101;40
LU ROCHA;40100;53
LUCIA;19666;27
LUCIA DA NOCA;12655;16
LUCIANA ANDREOZZI;31335;34
LUCIANA CAMPOS;13213;57
LUCIANA NASCIMENTO;44000;51
LUCIANA RAMOS;15885;28
LUCIANO BARROSO;50750;22
LUCIANO DO TATUAPÉ;27777;48
LUCIANO ENEAS;19007;39
LUCIANO MARTINS;65012;46
LUCILENE ISABEL;43579;33
LUCIMAR FREIRE;14669;48
LUIS CARLOS O MIDÚ;14190;52
LUIZ ALBERTO;65007;38
LUIZ ANTONIO PIRACAIA;12025;30
LUIZ CARLOS;23300;52
LUIZ CORUJA;50135;15
LUIZ DO HELIÓPOLIS;27027;29
LUIZ ROSA;23999;37
LUIZ TRAUZZOLO;12918;29
LUIZA MARILAC;10058;43
LUIZINHO;14550;45
LUIZINHO DE ITAQUERA;23033;31
LUNGARETTI;50005;53
LURDINHA;45789;57
LUZINETE;40163;46
LÍDIA DA COPA LEIDIANE;19001;29
MACHADO;33325;29
MACHADÃO;65030;39
MADALENA MACEDO;12015;50
MADEIRA;15515;37
MAESTRO ALEXEI;40001;54
MAESTRO JOSÉ PAULO;31123;37
MAGALHAES;12021;47
MAGGIO;14141;54
MAGRÃO;12340;50
MAGRÃO DO TRAÇO UNIÃO;54198;34
MAISA LOPES;65020;47
MALU BRANT;15178;37
MANGABA;54322;21
MANOEL CRUZ;15456;52
MANOEL MARUYAMA;65613;43
MANOEL TIO DO DOCE;15022;53
MANOELA;10115;43
MANOLO.WANDERLEY;43212;52
MARATONA;70111;55
MARCAO DO GÁS;10223;54
MARCELO RUSSO;40131;36
MARCELO SABINO DA SILVA;19019;38
MARCELO SAMPAIO;50505;57
MARCELO SANTOS;27509;27
MARCELO VERONEZ;54192;51
MARCIA ALMEIDA;65689;9
MARCIA CRISTINA;65005;31
MARCIA LIMA;12333;57
MARCIA MORENA;65211;38
MARCIA REGINA;44306;10
MARCIA VIEIRA;50090;14
MARCIA VIVIANE;45348;36
MARCIO ROSA;33630;46
MARCOS ANTONIO DA GATUSA;50101;51
MARCOS BRITO;12778;17
MARCOS M.S.;50299;38
MARCOS OLIVER;45765;54
MARCOS WHITAKER;19800;46
MARGARIDA ZORDENONI;65333;45
MARIA CLEMENTINA;22444;53
MARIA CRISTINA DI CIESCO;31036;46
MARIA CÂNDIDA;31153;56
MARIA DA SÉ;70344;35
MARIA DO GERALDINO;50242;20
MARIA FUENTES;14555;55
MARIA JOSÉ;65109;40
MARIA MELLO;27444;38
MARIA ODILA;65567;10
MARIA REGINA;19266;43
MARIA SANCHEZ;14315;42
MARIANA;31200;29
MARIAZINHA;43313;48
MARILDA WATANABE;43789;57
MARILENA ROSALINO;43511;43
MARIO DA SORVETERIA;19878;32
MARISA CARNICELLI;22245;53
MARIZETE CAMPOS;14517;32
MARLENE DEON;17500;23
MARLENE FURINO;13137;57
MARLY LAMARCA;14144;53
MARRONZINHO DO TRÂNSITO;13188;52
MARTA OLIVEIRA;33777;45
MARTHA KEIM;70370;2
MARTINS ARAUJO;11777;56
MARTINS DE ABREU;14044;50
MARY GARRAS;19789;30
MASSAGISTA CARLÃO;65861;20
MATEUS SANTANA;20333;52
MATILDE;44723;15
MAURICIO BANDEIRAS;44171;25
MAURICIO BONFIM;19669;29
MAURICIO LUDOVICO;14728;53
MAURICIO MARIANO;65551;56
MAURICIO MERLI;31113;44
MAURICIO PEREIRA;43033;34
MAURICIO PESSOA;33233;15
MAURO;27005;40
MAURO GAGO;33680;29
MELLO JUNIOR;65342;20
MESSIAS 'ZOIO';20117;33
MESTRE RICARDO;23787;40
MICHEL LUTAIF;50150;43
MICHELE;50998;3
MIGUEL CEM MIZÉRIA;12100;57
MILA SALATA;14150;38
MILTON MISSAKA;14266;47
MINEIRO;44155;49
MINEIRO GENTE DA GENTE;65150;24
MIRAM DA CONCEIÇÃO;10007;46
MIRANDA;43004;48
MIRIAM DAS FLORES;54161;25
MIRIAN DO BRASIL;70877;27
MIRO LEITÃO;23451;54
MISSIONÁRIA CIDA;70652;29
MODESTO;12777;53
MOISES PAPAI NOEL;44113;39
MOISÉS AFONSO;14510;50
MOISÉS PENA;20444;37
MONICA ELIANA;43141;39
MONICA FIGUEIRA;17778;10
MOOITTA;43064;37
MOSCA;43444;52
MOZAIR COSTA;33963;23
MYRIAN MASSAROLLO;33033;36
MÁRIO BORTOTO;50501;52
MÁRIO GREGO;50664;40
NAILTON;33215;23
NALVA FIEL;13987;12
NASCIMENTO;44447;36
NATAEL;43137;22
NECO FIGA;19444;52
NEGRO COSMO;33400;44
NEI MOTOCICLISTA;50236;41
NEIDE DO EMILIO;50019;48
NEIDE FERREIRA;19051;24
NEIDE LANDE;65167;19
NEIDE RONDON;27587;34
NELSON BENTO;12144;35
NELSON RIBAS;14500;55
NELSON SUSSUMU SHIKICIMA;14888;56
NELSON VALENTE;28888;52
NEUCELI RODRIGUES;55355;32
NEUSA DA SILVA;45899;47
NEUSA DAGLISIA;44028;14
NEUSA DE OLIVEIRA;19011;19
NEUSA RUOTOLO;33776;6
NEUZA ANDRADE;23681;2
NICE A DIARISTA;22100;52
NILDA;65165;55
NILO;43222;55
NIVALDO DA RECICLAGEM;19129;30
NOCA BATUIRA;55444;51
NOELIA SANTOS;70152;34
NONATO DA AUTO PEÇAS;19333;49
NORBERTO BEIJOCA;14520;31
NORMA DAS PENSIONISTAS;14912;28
NUBIA CORREA;55007;44
NULLO CAPELOTTO;12205;25
O HOMEM DA MOTO;44600;40
O PHUMAÇA;23420;51
ODAIR ABREU;31747;38
ODENILDO SOARES;65655;42
OLIVEIRA JÁ;13999;57
OLIVEIRA SOUZA;19690;37
OSIVALDO ROSA;31234;49
OSVALDINHO DA FEIRA MADRUGADA;44044;56
OSVALDO ATLETA;44050;19
OSVALDO NUNES DA LOTAÇÃO;12020;34
PAI VLADMIR DO OXÓSSI;19077;46
PAOLA ELIDE;43143;46
PAOLA PALOPITO;36200;14
PAPA JUNIOR;22345;55
PARANÁ;25333;55
PASTOR JOÃO LISBOA;31313;47
PASTOR MATUSALEM;43081;44
PASTORA LEA;19117;12
PATRICIA LIMA;14800;54
PATRICIO;43243;51
PATRICIO TUTTA;65377;20
PAULA BEATRIZ;50031;51
PAULINHA;36333;53
PAULINHO LIBONATI;43007;55
PAULLO GUARDIÃO;12212;35
PAULO AMIGO DO BEM;43369;42
PAULO CAINE;23008;54
PAULO CALLIS;28899;15
PAULO DO PROERD;43190;55
PAULO HENRIQUE - PH;14380;34
PAULO ILLES;13771;56
PAULO JOSÉ DA COSTA;55678;47
PAULO LEONARDO;54444;52
PAULO RAMOS;43433;45
PAULO ROCHA;50888;47
PAULO SABOIA;54554;50
PAULO SPINA;50250;57
PAULO TEIXEIRA;19700;35
PAULÃO DO POVÃO;27030;44
PEDRO AZAMBUJA;33971;23
PEDRO NASCIMENTO;15554;41
PIOLHO ( SENA);70777;53
PK DO PSOL;50157;7
POLACO;65129;34
POMARICO;31837;30
PR EVANDRO ART;43743;53
PR. CARDOSO;14112;55
PR. CARLOS;23444;46
PR. JORGE;23477;39
PROF JANETE;12767;35
PROF JONIAS DE SOUZA;12127;39
PROF MARCELO;12500;57
PROF NILVA;12157;47
PROF ODETTE CARVALHO;12967;41
PROF VERA PINZON;50777;53
PROF. ALESSANDRO ROSSINI;23223;56
PROF. ALVES RIBEIRO;54152;42
PROF. ANGELA VENANCIO;65700;52
PROF. FRANCISCO COSTA;65345;35
PROF. MARCEL FERRADA;43320;55
PROF. MARCO PANIQUAR;23007;30
PROF. NIVALDO MOURA;44955;20
PROF. PIPOCA;23013;53
PROF. VALDINÉIA;50143;15
PROF. VANDA ROSA;44344;26
PROF.CELSO ARAUJO;23700;50
PROF.LÉIA;44228;29
PROFESSOR ARNALDO;31910;51
PROFESSOR CARLITO;50612;49
PROFESSOR CLEBER ARAUJO;19012;53
PROFESSOR CLÁUDIO;15059;54
PROFESSOR DIMITRI;50200;54
PROFESSOR EDSON QUEIROZ;50050;53
PROFESSOR EMERSON;31453;47
PROFESSOR EVERALDO;31110;47
PROFESSOR ISAIAS CORREIA RIBAS;43101;37
PROFESSOR MATIAS VIEIRA;13227;57
PROFESSOR MIGUEL;17013;19
PROFESSOR NASSER;70123;48
PROFESSOR PERU;19979;41
PROFESSORA BIA DO RUTH;15922;51
PROFESSORA FREIRE;31014;33
PROFESSORA IRENE;31016;52
PROFESSORA LEDINHA;31231;35
PROFESSORA MARGARIDA;10194;39
PROFESSORA MARIETTE;70555;22
PROFESSORA ROSIRIS;14900;50
PROFESSORA SONINHA;31015;41
PROFESSORA VIVIAN PIN;31789;36
PROFª ELIANE REIS;40008;53
PROFª MAJÔ;65303;23
PROFª MARIVALDA;13773;41
PROFª ROSANGELA RESENDE;23116;10
PROFª ZINHA;23137;47
PROFª. LUCY;10190;57
PROFª. MAFALDA;33563;46
PROFº EMERSON;65888;43
RAFAEL DE OLIVEIRA;27333;41
RAFAEL MARMO;50060;51
RAFAEL ONG;14012;43
RALFI;20888;52
RAUL FELIX;31009;25
REANOLFO;36100;43
REGIANE OLIVEIRA;36909;10
REGINA LAURA;43043;56
REGIS;70200;30
REGIS DO FORRÓ;44150;22
REJANE DIAS;14011;50
RENATO BORGIANI;31758;43
RG RICARDO GOMES;25888;56
RIBAMAR;23400;36
RICARDINHO DA COHABE;17167;48
RICARDO BUNDUKY;40040;47
RICARDO DOS PROJETOS;70973;15
RICARDO GIANNICO;22321;54
RICARDO NICASTRO;40087;46
RICARDO OKADA;44001;28
RICARDO REI;50800;44
RICHARD;23180;39
RICHARD ARAÚJO;16009;14
RINALDO VIANA;20190;44
RITA XT;13177;54
RIVER;23258;56
ROBERTA NININ;13413;35
ROBERTO AVELINO;19319;26
ROBERTO MAGUILA DO BRAS;70667;42
ROBERTO REIS ( CACO);70300;34
ROBERTO VENTURA;28828;32
ROBSON PASTEL;14007;52
ROCHA DA PENHA;70015;36
RODNEI MACHADO;31100;56
ROGER PROFESSOR E SOCIALISTA;16001;50
ROGERIO LOPES;10300;57
ROGÉRIO FREIHAT;65533;30
ROGÉRIO MARQUES;14477;53
ROGÉRIO RODRIGUES;20400;52
ROMEL GIMENES;13668;44
RONY PETERSON;28848;54
ROQUE JORGE;65188;35
ROSA LIA;15014;10
ROSA MARIA;28829;9
ROSA RIBEIRO;70377;17
ROSANGELA MELLO;31287;54
ROSATTO;14999;49
ROSE ALEIXO;13725;24
ROSE DO LIMÃO;33127;27
ROSEMERI MARCONDES;27014;33
ROSSANO LIPPI;19998;49
ROSÂNGELA ZANON;54999;7
ROVERE;20193;20
ROZUYTA;54144;22
RUBENITO;19123;40
RUBENS ITO;12790;41
RUBENS PROENÇA;50500;57
RUBINHO DO POVO;65640;34
RUTH ROCHA;36896;23
SAITO SAN;31004;55
SANDRA HAINE;31321;42
SANDRA PANDOLFI;43040;52
SANDRO ALVES;50333;27
SANDRO LIMA DA SAÚDE;12192;42
SARGENTO MAURICIO DE SOUZA;31112;38
SAUDE ABEL;12666;51
SERGINHO DA LAN HOUSE;19130;41
SERGIO KOEI;16002;37
SERGIO OLIVASTRO;23234;49
SERGIO OLIVEIRA;12193;56
SERGIO TERRA;23363;49
SEU JORGE 'MARTINHO DA VILA';43634;50
SEU MADRUGA;20631;47
SGT MENDES;50151;10
SIDERAL;54500;49
SIDNEI DA ROCHA CUPIDO;43734;28
SIDNEI SILVA;23111;57
SILAS VAZ;19009;37
SILVANA;44147;25
SILVIA CRISTINA;36117;12
SILVINHO PARA VEREADOR DO POVO;31124;24
SILVIO CAMBAÚVA;11117;40
SILVIO CICA TRAVASSOS;31999;36
SIMONE GOMES;31068;21
SIMONE HIEDA;20033;19
SINIR BENTO;54123;46
SOFIA Y.;50882;7
SOL;14567;45
SONIA MONTENEGRO;50009;43
SONINHA DE JESUS;23692;48
SONRISAL;31211;46
SOSTENES BARBOSA;65789;57
STEFANUS TETÉU;44048;43
STELA MARIS;23654;41
STEVE HWANG;19888;41
SU SAAD;31310;52
SUELI AMORIM;11112;52
SUELI DA PAZ;31017;25
SYDARA;15325;29
SÉRGIO GIM;15051;40
TAINAH BENTO VIDAL;50885;32
TAKARA;43026;55
TANIA MIRANDA;23069;27
TAVOLIERI;14300;56
TECA MARQUES;27477;37
TEREZA R. SOUZA;43061;34
TEREZINHA;65147;14
TESTA;40651;22
THAIS HORTA;43377;57
THIAGO ARIKAWA;15651;56
TIA TELMA;28855;33
TIAGO BERNARDO;19069;38
TIO ARCANOS;50368;28
TIO PEÇAS ( LAILSON );17017;46
TIRRIM;14153;38
TIÃOZINHO FORÇA JOVEM;27576;34
TONHÃO SOM DE CRISTAL;12510;40
TONINHO CURUÇÁ;19017;26
TONINHO DELPPEM;33162;18
TONINHO FRANCISCO;70888;23
TOTÓ;33300;15
TRANQUILLO MORTELE;29329;56
TUNA;65444;47
TÂMIDE SZULKIN;11456;52
VALDETINO QUEIROZ;65151;25
VALDIR SAMPELL;23267;41
VALDIR TIMOTEO;44100;53
VALERIA DOMINGOS;27026;16
VALMIR MOTORISTA LOBO;43235;45
VALMIR É FIEL;65017;40
VALTER LIMA;43070;50
VALTER TOMAZ;44005;55
VALÉRIA LEÃO;65010;36
VALÉRIA MAURÍCIO;50413;23
VANDA MARIA;19707;2
VANDERLEI MACHADO;14611;48
VANIA PLACIDO;44054;26
VAPAM RUANA;28820;17
VARGAS NETO;44077;27
VARGNER DO REPÚDIO;15568;44
VERA;19194;23
VERA ANGELO;23150;16
VERA DIAS;23112;47
VERA DONDA;12311;20
VERA GOULART;13713;49
VERA LINS;14031;42
VERA LUCIA;14027;43
VERA MOREIRA;13171;28
VERA VIEIRA;65315;6
VERGUEIRO;70008;23
VICENTE DO ESTACIONAMENTO;23154;50
VICENTE VISCOME;44700;57
VILMAR TEIXEIRA;27778;32
VILSON ANTONIO;16003;12
VINICÍUS MOREIRA;14514;52
VIRA LATA;10520;53
VITAL BALAIO;14030;48
VITOR DO TAXI;43603;36
VITOR RODRIGUEZ DE ARAUJO;70234;39
VITÓRIO QUEIROZ;50018;44
VIVI D'AGOSTINO;55855;48
VIVIANE DINIZ;50887;8
VIVIANI FERRAZ;22626;55
VLADIMIR SOUZA;44999;39
VOGPP - MARIA DE LOURDES;23147;41
WADÃO E O JEGUE DENTE DE OURO;15234;51
WAGNER MANFRE;23011;51
WAGNER S. CASTRO;27644;43
WALTER FELIX;43151;32
WATANABE;14169;50
WELLINGTON REIS;40130;46
WILLAMS ARIS;50600;56
WILLIAM DO GARAJÃO;65374;33
WILLIAM FREITAS;10200;53
WILLIAM KRONENBERGER;20111;51
WILMA MIRANDA;14040;42
WILSON BEIJA FLOR;19799;29
WILSON GUANAIS;12195;17
XAVIER LOPES;43445;51
XOXO;23623;39
YEDA;19221;30
ZEBRÃO;14013;33
ZENAIDE;33600;13
ZENILTON;31111;43
ZORAIDE NOBRE;10910;41
ZÉ CABELEIREIRO;50450;49
ZÉ CLAUDIO;31452;36
ZÉ DA LUA;19299;30
ZÉ MARIA DO FUTEBOL;27100;50
ZÉ MINEIRO;33100;40
ZÉ PILLIN;28851;30
ZÉ TRINDADE;65650;45
ZÓZIMO MARANHÃO;33700;23
ÁLVARO;27222;44
ÁQUISON;33933;13
