NomeCandidato;NumeroUrna;QtdSecoesVotado
ABAJUR;31013;208
ABDIAS;54186;97
ABEL FERNANDEZ;10111;1734
ABOU ANNI;43010;11760
ABRAAO DO QUEJO;12136;415
ADAILTON BARRETO;20338;210
ADALBERTO VIEIRA;13570;1532
ADAUTO GOMES ELLUS;54190;173
ADEILDE;33333;388
ADEMAR COQUEIRO;54544;245
ADEMAR DO CONSÓRCIO;27713;319
ADEMIR DA GUIA;22010;9564
ADEMIR DO VALE;65121;607
ADENIR PEREIRA;20800;16
ADILSON AMADEU;14200;11132
ADINELSON MOTA;23867;749
ADIR;13010;1378
ADO;15003;375
ADOLFO PINHEIRO (FITO);13456;1349
ADOLFO QUINTAS;45222;7580
ADONAI HADAN;23369;189
ADRIANA;44631;246
AGENOR BISTECA;27687;173
AGNALDO FARIA GUINA;23018;637
AGNALDO TIMOTEO;22122;8219
AGOSTINHO GOMES;50156;472
AGOSTINHO MEIRELES;15077;1025
AGRIPINO;12600;476
AGUINALDO TERRA;19410;144
AILTON AMARAL;50123;413
AIRTON FIO;23120;516
AIRTON LOPES;15111;4081
AKIKO AKI;50900;431
ALBERTO RIBEIRO;14666;1118
ALDA NASCIMENTO BARBARIOLI;50881;86
ALEMÃO;17111;615
ALEMÃO CINGAPURA;44800;528
ALESSANDRO AUREO;19190;276
ALESSANDRO GUEDES;13699;9098
ALEX MOTA;50222;1552
ALEX NAVARRA;10337;346
ALEX SANDRA COSTA;23025;132
ALEXANDRE LEME;16005;70
ALEXANDRE PORTO;27000;548
ALFREDINHO;13110;7512
ALICE PELIÇARIO;43034;287
ALICIO ANDRADE;19100;1192
ALINE COBRA;13156;231
ALMEIDA PORTEIRO;65652;119
ALOYSIO PASSOS;12700;1246
ALTAIR.CAVENCO;43009;1189
ALVARO CAETANO;50555;593
AMARILDO REBENTO MC S;44010;259
AMARO;54054;121
AMILTON SALOMÃO;28880;82
AMOROSO NETO;12055;35
AMÉLIA;10700;439
ANA LILIAN LOPES;55666;311
ANA MARTINS;65611;2623
ANA PAULA JUNQUEIRA;15555;4633
ANA PEREIRA;43103;177
ANA SILVIA;12181;1283
ANA TRINDADE;12999;37
ANACLETO PEREIRA;43343;205
ANDERSON DIANOSKI;10101;1355
ANDERSON DO CARMO;70270;33
ANDERSON OLIVEIRA;36023;205
ANDREA MATARAZZO;45450;17602
ANDREA PENTEADO;54149;6
ANDREA REGINA SILVA;19173;5
ANDREZINHO MACEDO;25125;809
ANDRÉ DO J. CÉLIO;50277;705
ANDRÉ FERRARINI;15100;3183
ANGELA MARIA;14333;2015
ANIBAL;45601;6010
ANINHA;27131;276
ANTONIO ANANIAS;54100;806
ANTONIO ANDRADE;27300;309
ANTONIO CARLOS RODRIGUES;22678;11395
ANTONIO MARIA;20012;572
ANTONIO NATAL;27077;121
ANTONIO OCILIO;50011;514
ARCELINO ARAÚJO;13613;835
ARI DO AGRESTE;14533;457
ARI FRIEDENBACH;23321;11636
ARMANDINHO;15500;1014
ARQ. DENIS DUCK;54333;189
ARSELINO TATTO;13696;3816
ASSIS;27190;216
ATILIO FRANCISCO;10123;12170
ATTILA RUSSOMANNO;11111;5506
AURELIO MIGUEL;22888;12429
AURÉLIO NOMURA;45451;10736
AYRTON LIMA BATISTA;12678;145
AZENIR;13300;708
BARBARA DUARTE;19600;155
BASSUMA;43197;182
BATISTA TOSTAO;19655;501
BAXINHO DOG;23900;562
BEBÊ;27023;111
BEL CHAVES;40013;248
BELIZARIO;43000;8656
BELÊ BELÊ;10555;1126
BERNARDO CERDEIRA;16008;19
BETAO DO LAVA-RAPIDO;70007;939
BETHY MORENO;70077;259
BETO CUSTÓDIO;13112;5020
BETO PASCHOAL;14024;601
BIA CRUZ;50883;26
BIGODE ARAÚJO;65111;924
BILL;50000;1205
BIRA;65765;538
BIRA BALIEIRO;31456;706
BISPA SIMONE;54777;410
BISPO CARLOS SILVA;15777;780
BISPO FERNANDO, O BAIANO;31120;155
BOLA DA RODOVIÁRIA TIETÊ;31818;419
BOMBEIRO QUEIROZ;15193;1276
BRANCO;36444;854
BRAZ PEREIRA;43144;293
BRIZOLLA;12269;156
BRUNA BABALU;50830;703
BRUNNA POTAME;23126;48
C. MARIO;19149;196
CABELO DE HELIÓPOLIS;19980;179
CACÁ;44910;197
CAIO DEZORZI;13555;2531
CAL;31555;1313
CAMILO PIRAMIDES;43198;551
CAP. MARTIN;12081;46
CAPITÃO CRUZ;70190;2008
CARLAO DO UM NOVE NOVE;43199;746
CARLITOS PASTTELLA;20914;56
CARLOS AGUIAR;23323;3053
CARLOS ALBERTO SANTOS;31333;1780
CARLOS ARAUJO;43345;243
CARLOS AUGUSTO;13153;2128
CARLOS BALADO;12008;183
CARLOS CABRAL;12222;1195
CARLOS DA C.A.S.;14440;335
CARLOS MACHADO;19999;1018
CARLOS MONTEIRO;27500;207
CARLOS TREVISAN;14077;717
CARLOS VILAR;65759;502
CARMELITA TOLEDANO;15601;47
CARMEN;44012;198
CARMEN ROCHA;14022;377
CARMINHA;43042;130
CAROLINA JABAQUARA;50889;19
CARVALHO SALES;13001;665
CASTRO;10025;452
CATI LUIZ;28866;558
CEL PAES DE LIRA;25045;2392
CELIA;23254;157
CELIA CUNHA;10453;191
CELSO JATENE;14000;16001
CESAR GORRÃO;65500;169
CHAGAS;44034;556
CHAHIN;23456;1117
CHAPINHA DO SAMBA DA VELA;65544;1719
CHARLES MAIA;44123;178
CHICO ALVES;31971;387
CHICO GRETTER;50022;484
CHICO LANG;14111;8491
CHICO MACENA;13097;8520
CHICO VALENTE;43100;1557
CHICO VICENTE;36123;449
CHIQUINHO PEREIRA;23345;3289
CICERO DE HOLANDA;27125;302
CICERO MORAES;65719;195
CICINHO NASCIMENTO;13513;363
CIDA LIMA;13510;551
CIDO DA COMUNIDADE;31500;383
CILENE OU CILENE GADELHA;16011;18
CINDRA PINHEIRO;33800;110
CINTIA FLOR;44128;219
CINTRA;33370;46
CIOMARA FALA;43014;269
CLARA ESSA É BATATA;43011;609
CLAUDETE ALVES;13777;10266
CLAUDIA VIANNA;11444;259
CLAUDIA ZIMMARO;23210;58
CLAUDINHO;45157;5426
CLAUDIO BENVINDO;50113;309
CLAUDIO CRUZ;28811;191
CLAUDIO DAL PRÁ;23411;902
CLAUDIO FONSECA;23123;11882
CLAUDIO KRATOS;65190;511
CLAUDIO PRADO;12345;11304
CLAUDIO SILVA;19500;1649
CLEBER CAMPOS;50999;390
CLEUSA BADANAI;12140;112
CLODOALDO AZEVEDO;12056;265
CLOVIS ARAUJO;15007;2340
COITÉ DO AÇOUGUE;19223;807
COMANDANTE HERMINE;21621;369
CONCEICAO VILLAS BOAS;23500;166
CONCEIÇÃO;65245;822
CONCEIÇÃO DOS SANTOS;28822;257
CONTE LOPES;14138;14508
CORONEL CAMILO;55190;13240
CORONEL QUEIROZ;43721;432
CORONEL RICARDO;15578;3370
CORONEL TELHADA;45190;20693
CORRETORA MARLENE;44314;38
CREUSA VIERA;22610;157
CREUZA;15136;50
CRISTIANE MOURA;19175;369
CRISTINA;12110;30
CRISTINA KIRSNER;43131;1009
CYBELE FRANZI;12900;363
DAGMAR FIZIO;55900;262
DAGOBERTO BRANDAO;43386;400
DALL PIPAS;50001;402
DALTON SILVANO;43888;9187
DALVA DE OLIVEIRA;10010;521
DAMIÃO VIGILANTE;17123;618
DANI SCHWERY;45300;486
DANIEL ARAUJO;65565;249
DANIEL MILA;36217;358
DANIEL MONTEIRO;23600;456
DANON;44418;737
DANONE;31011;414
DAVI MORAES;12001;141
DAVID BRANCO;70970;131
DAVID FERNANDES;25255;2836
DAVID SOARES;55321;15740
DEBORAH VERISSIMO;43699;607
DELLA MONICA;23047;273
DELVAIR PRADO;12789;1009
DENILSON VILELA;33231;78
DENISE DEDA;54542;1
DENISIA LIMA;22800;315
DENIVAL - ESSE É O CARA;55755;1269
DERCIO PIPAS;10154;443
DILZA MURAMOTO;55655;2099
DINA BARBOSA;12859;119
DINEI;12018;6286
DIRCE TERRIANO;23275;63
DJALMA FILHO;33678;45
DONATO;13700;11066
DONATO RAPOLLI;14713;151
DORA REATEGUI;19191;84
DORINHA ANDORINHA;43055;373
DOUTOR GARCIA;33123;69
DOUTOR KIM;55456;4482
DOUTOR MARCOS;19192;811
DOUTOR MILTON FERREIRA;55600;5529
DR FREITAS;25678;2060
DR LAURO;31777;311
DR LUIZ MENDES;19456;64
DR MARCOS RAUL;50456;345
DR MARCÃO DA MANCHA;10987;1281
DR THOMAZ DO SAMU;31192;3251
DR. ALEX SANTOS;12899;174
DR. ALEXANDRE NOGUEIRA;23347;119
DR. AUGUSTO;15011;1917
DR. CALVO;15633;7989
DR. CAMEIRÃO;14171;215
DR. CLAUDIO MUTTI;43321;1845
DR. CRISTIANO MOREIRA;65222;282
DR. ELISEU;15444;1092
DR. FAISSAL;22022;2099
DR. FLAVIO IIZUKA;65555;1711
DR. LUIZ;65556;307
DR. MARCELO MACHADO;19222;2175
DR. PAULO ROBERTO ROSENO;70133;715
DR. PEDRO KAKÁ;55222;7146
DR. QUEDA;15215;1987
DR. RAPHAEL HAMAOUI;15018;2099
DR. RENATO;14020;373
DR. RODNEI CESAR;44157;363
DR. SEBASTIÃO;10545;636
DR. SÉRGIO CRUZ;54321;925
DR. WALTER;43431;752
DR. WASHINGTON ARAUJO;43080;533
DR.CELSO SANTOS;70198;677
DR.FARHAT -ADVOGADO DO RATINHO;22000;13099
DR.GIULIANO FIORETTI;23079;1327
DRA ANTONIA TANG;12444;1004
DRA MÁRCIA;13168;516
DRA ROSSANNA NOCITO;12027;383
DRA. GRACIELA TABARELLI;14700;719
DRA. VANESSA;20303;494
DRª HAIFA;43903;1124
DUDU DO BRAS;33140;42
DULCE HELENA;70051;259
DÉBORA FERREIRA;33789;26
ED CARLOS;10233;729
EDDY LIMA SHOW;13007;371
EDI;12111;232
EDINALDO COSTA;11555;2059
EDINALVA PEDREIRA;27367;23
EDINORÁ;15756;525
EDIR SALES;55123;8408
EDMAR FERREIRA;19400;465
EDMILSON CARIOLANDO;43113;133
EDNA DIAS;27075;224
EDSINHO;65276;185
EDSON CLARO;44777;410
EDSON ONISHI;20200;1417
EDUARDO ALMEIDA NETO;16007;334
EDUARDO GIRON;70333;364
EDUARDO SANAZAR;70000;695
EDUARDO TUMA;45555;14784
EGIDIO DA PADARIA;27057;24
ELAINE CORREA;11666;775
ELCIO MUNIN;43900;224
ELIANA DE LIMA;65065;1276
ELIANA MORAES;13444;713
ELIANA TOSCANO;50220;153
ELIANE CHAGAS;65135;347
ELIAS INSTRUTOR;50737;217
ELIAS TANAKA;14325;303
ELIEL JUNQUEIRA;15062;327
ELIENE RIBEIRO;20700;96
ELISEU GABRIEL;40123;10839
ELISEU SOARES;50105;170
ELIZEU SANTOS;28887;30
ELIÉZER;65600;188
ELTON ALVES;27181;56
EMERSON RICARDO;65755;359
EMILIANO ZAPATA;13123;5277
EMILIO ROMERO;14001;1110
ENFERMEIRO GERMANO VETTAS;70771;190
ENG. RENATO DAMAS;11567;658
ENIO GOMES;45700;1545
ENOQUE NASCIMENTO;44119;160
ERALDO ESSE É DA COMUNIDADE;43643;566
ERICK MACIEL;17233;489
ESTER;14123;577
EVERALDO CHIBIU;31222;428
EVERALDO FERREIRA;70444;36
EVERSON MARCOS;45747;3442
FABIANA EISSER;19026;180
FABIO ADONIS;65199;994
FABIO CARVALHO;65777;204
FABIO OGAWA;27400;81
FABIO RUAS;15157;395
FABIO SIQUEIRA;31144;211
FABIO SOUTO;55013;1667
FABRICIO COBRA;45455;5767
FARIA LIMA;23502;117
FARID;45600;1449
FATEL BARBOSA;14051;546
FATIMA;13564;502
FATIMA BARBOSA;43251;1015
FATIMA BARREIRA;15332;234
FELICIA;43003;214
FELIPE GUERRA;23015;443
FERNANDO ARAUJO;12400;379
FERNANDO BIKE;50007;556
FERNANDO NUNES;14002;641
FERNANDO VILA VERDE;22900;943
FERNANDO ZONA SUL;40321;1064
FERREIRA COHAB I;50111;728
FLAVIUS;15008;433
FLEXA;12262;440
FLOR;22007;471
FLORIANO PESARO;45444;11307
FRAN;19083;65
FRAN DA AEC KAUÊ;14600;1785
FRANCIS CABELEIREIRO;65410;372
FRANCISCA SURIANO;43088;359
FRANCISCO CHAGAS;13900;6733
FRANCISCO LINHARES;50193;224
FRANCISCO MIGUEL;65349;122
FRANCISCO NOGUEIRA;33191;229
FRANCISCO SOUZA;33133;306
FRANKLIN ANDRADE;23022;276
FRED DIMOV;14369;633
FRED PACHECO;15010;6201
FRED RIBEIRO;19219;94
FREDERICO SOSNOWSKI;50850;681
FÁBIO MOURÃO;14033;1058
FÁBIO RIVA;45780;8570
GABIN;20456;599
GABRIEL MEDINA;13321;3988
GABRIELZINHO - O COLEGUINHA;23458;389
GALDINO;45866;466
GENARIO NASCIMENTO;43999;2564
GENILZA MEDEIROS;20000;720
GEORGE HATO;15622;10329
GERALDO NOBREGA;40007;826
GERSON;36036;167
GERSON ISIDORO KADOSHI;31002;710
GI DO PSOL;50995;23
GIBA JÚNIOR;28813;39
GIL BALA;70335;184
GIL FREIRE;13013;1460
GIL PERY;54369;167
GIL PONCIANO;50234;353
GILBERTO NASCIMENTO JR;20123;10380
GILBERTO NATALINI;43456;10638
GILMAR BRANDÃO;31001;377
GILMAR XAVIER;33500;282
GILSON AMARAL;23132;206
GILSON BARRETO;45678;9105
GILSON FICO;43234;637
GILSON RODRIGUES;54654;1893
GILVANDO UNIDO AO POVO;33853;129
GIOVANNI;55455;4478
GISLAINE;44045;193
GIULIANO CHADDOUD;15222;4231
GIVA;50055;1995
GLEIBE PRETTI;50444;1448
GLEICY VARISO;44331;347
GLORINHA;65069;332
GONÇALO BORGES;31008;792
GORDINHO DA PAZ;31131;274
GORETE PASQUAL;27107;203
GORETI PROTA;50884;13
GOULART;55800;10022
GRECIONE;44023;108
GREGORIO POÇO;65651;2494
GREGSON ANTONIO;65552;117
GUEDES;31655;267
GUELL ALMEIDA;10013;321
GUERRA;70666;145
GUIZZO;14770;464
GUTO MARDEGAN;50955;646
HARICLIA CASTELLANI;40120;103
HAROLDO GUERRA;23023;1861
HAVANIR;55500;1781
HELENA CABELEIREIRA;31012;447
HELENA RODRIGUES;43300;476
HELIO SILVA;54111;197
HELOISA SOUZA;20011;577
HILDA FURACÃO;23698;196
HILDA ROCHA;19208;188
HOMENZINHO JAÇANÃ;44888;399
HONORIO JOSE;27766;67
HUBER GAMA;14551;513
IARA GRACIANO;19358;159
IARIA COLARES;15915;380
ILDA FIORE;54789;465
INALDO DA CONSTRUÇÃO CIVIL;12009;364
INARA SWOBODA;33363;21
IORIO NETO;27123;149
IRENE ALVES CORREA;50053;151
IRMAO JORGE;70050;228
IRMÃ LEO;50012;151
ISA;50712;16
ISA GODOY;12007;124
ISABEL FERRAREZ;27773;251
ISAIAS DIAS;13888;1551
ISAQUE É DEZ;10600;544
ISAURA MARTINS;23002;13
ITAGIBA;44345;119
ITALO CARDOSO;13650;8571
ITAMAR SUSU;65060;699
IVAN DA CUNHA;43580;4559
IVAN DA FARMACIA;23012;2060
IVAN DE OLIVEIRA;17101;348
IVAN MUNIS;10122;655
IVAN TESOURINHA STRINGHI;13909;1061
IVANISE MÃES DA SÉ;23103;964
IVETE SOUZA;31057;187
IVIE;50778;6
IZILDINHA;10789;428
J.MARCELO VIEIRA;43430;204
JADSON MORAES;40011;717
JAIR TATTO;13114;8697
JAIRINHO;65910;258
JAIRO LUIZ TELES;15655;624
JAIRO XAVIER;27600;44
JAJA;12328;133
JAMES LOSACCO;43012;432
JAMIL MURAD;65123;10028
JAMILZINHO COMUNIDADE;23236;223
JAMINHO KIXODO;10888;645
JAÇA;44930;377
JCALDEIRA;65772;147
JEAN CARLOS;10000;2529
JEAN MADEIRA;10318;7901
JEAN NASCIMENTO;43167;428
JEFFERSON JULIÃO;10112;780
JEFFERSON SILVA;13050;1250
JOANA BRIGIDO;44562;236
JOAO ALVES;65013;778
JOAO BATISTA;43139;481
JOAQUIM CASAES;19091;252
JOCA;31019;156
JOCELI SILVA;55567;886
JOHNNY;17777;329
JOHNNY SOARES;14014;3062
JONAS CAMISA NOVA;25100;6541
JONAS PEREIRA;43331;853
JORGE FUZIL;65125;1297
JORGE PEREZ;55700;7903
JORGE ROBSON;44110;236
JOSE ARAUJO;70057;153
JOSE ARLINDO;19300;263
JOSE CARLOS STANGARLINI;55155;4597
JOSE ILTON;19555;129
JOSE MARIA;23333;2931
JOSE NILO;50300;171
JOSEFA ALBUQUERQUE;70222;207
JOSELITO;65001;4053
JOSÉ AMÉRICO;13100;13122
JOSÉ AUGUSTO ( GUTO);13913;664
JOSÉ CHAGAS;19111;689
JOSÉ IRAN;45900;310
JOSÉ PEREIRA;19250;54
JOSÉ ROLIM;45123;6269
JOSÉ SANTOS;31133;413
JOÃO CAMILO;31035;622
JOÃO FRANCISCO;13200;3724
JOÃO GALVINO;13120;3997
JOÃO JORGE;45145;7288
JOÃO MARTINS;10236;823
JOÃO MESQUITA;50199;98
JOÃO ZAFALÃO;16123;1780
JOÃO ZELADOR;27323;282
JOÃOZINHO DA RETIFICA;19900;740
JR;19359;368
JULIANA CARDOSO;13222;11822
JULIANA LIMA;28876;72
JULIANA SILVA;36006;2
JURA JURANDYR;70110;221
JURANDI GARCIA;65133;731
JUSCELINO GADELHA;40133;8865
JUVENIL;19290;157
JÔ ALMEIDA;12814;55
JÔ ARTESÃ;11113;189
KAKA O KEVORK;12123;737
KAMIA;55699;6564
KATE CHRISTINA;27182;24
KATIA BATISTA;13747;208
KATIA SERVULO;36167;179
KELLY CRISTINA;12456;450
KELY;50776;7
KENNEDY;19000;1905
KFOURI;50046;174
KHÁLED MAHASSEN;65300;412
KIKO KLB;55999;5959
KINGNALDO O POETA;31444;403
LAÉRCIO BENKO;31031;8938
LEANDRO;23330;420
LEANDRO SANTOS;19189;329
LEIA BAIANA;19015;299
LEILA;15257;154
LELIS TRAJANO;17000;7082
LEONARDO RODRIGUES;54272;135
LEONILSON QUEIRÓZ;13077;517
LIA;43434;523
LIDIA CORREA;54754;972
LINDA TORRES;65138;124
LINDOMAR;23030;91
LIVINO REIS;50606;268
LIXEIRO;40600;1011
LIZETTI GERAISSATI;23231;285
LOURDES CAVALCANTI;12749;60
LOURDES QUADROS;16789;756
LOURIVAL NENO;33101;312
LU ROCHA;40100;220
LUCIA;19666;88
LUCIA DA NOCA;12655;169
LUCIANA ANDREOZZI;31335;238
LUCIANA CAMPOS;13213;481
LUCIANA NASCIMENTO;44000;532
LUCIANA RAMOS;15885;124
LUCIANO BARROSO;50750;177
LUCIANO DO TATUAPÉ;27777;153
LUCIANO ENEAS;19007;321
LUCIANO GAMA;45022;6442
LUCIANO MARTINS;65012;405
LUCILENE ISABEL;43579;160
LUCIMAR FREIRE;14669;452
LUIS CARLOS O MIDÚ;14190;658
LUIZ ALBERTO;65007;230
LUIZ ANTONIO PIRACAIA;12025;251
LUIZ CARLOS;23300;995
LUIZ CORUJA;50135;116
LUIZ DO HELIÓPOLIS;27027;302
LUIZ ROSA;23999;147
LUIZ TEIXEIRA;10222;1570
LUIZ TRAUZZOLO;12918;71
LUIZA ELUF;15015;6927
LUIZA MARILAC;10058;687
LUIZINHO;14550;903
LUIZINHO DE ITAQUERA;23033;138
LUNGARETTI;50005;340
LURDINHA;45789;1066
LUZINETE;40163;178
LÍDIA DA COPA LEIDIANE;19001;327
LÍVIA FIDELIX;28818;2013
MACHADO;33325;101
MACHADÃO;65030;106
MADALENA MACEDO;12015;430
MADEIRA;15515;155
MAESTRO ALEXEI;40001;228
MAESTRO JOSÉ PAULO;31123;156
MAGALHAES;12021;382
MAGGIO;14141;428
MAGRÃO;12340;670
MAGRÃO DO TRAÇO UNIÃO;54198;128
MAIA DO FRETADO;33733;1237
MAISA LOPES;65020;292
MALEK;11011;1358
MALU BRANT;15178;236
MANGABA;54322;112
MANOEL CRUZ;15456;250
MANOEL DEL RIO;13313;9598
MANOEL MARUYAMA;65613;217
MANOEL TIO DO DOCE;15022;322
MANOELA;10115;286
MANOLO.WANDERLEY;43212;1056
MARA GIANETTI;55200;3729
MARATONA;70111;376
MARCAO DO GÁS;10223;583
MARCELINHO CARIOCA;40777;12100
MARCELO FRISONI;11000;3520
MARCELO RUSSO;40131;253
MARCELO SABINO DA SILVA;19019;171
MARCELO SAMPAIO;50505;832
MARCELO SANTOS;27509;199
MARCELO VERONEZ;54192;583
MARCIA ALMEIDA;65689;27
MARCIA CRISTINA;65005;337
MARCIA LIMA;12333;518
MARCIA MORENA;65211;572
MARCIA REGINA;44306;49
MARCIA VIEIRA;50090;35
MARCIA VIVIANE;45348;147
MARCIO BARROS;55789;994
MARCIO ROSA;33630;230
MARCO ANTONIO DUARTE;22707;2907
MARCO AURELIO CUNHA;55005;16279
MARCOS ANTONIO DA GATUSA;50101;799
MARCOS BRITO;12778;82
MARCOS FERNANDES;45452;2121
MARCOS FREIRE;13124;771
MARCOS M.S.;50299;513
MARCOS MEIRA;36777;1578
MARCOS OLIVER;45765;271
MARCOS WHITAKER;19800;414
MARGARETE BARRETO;45100;3438
MARGARIDA ZORDENONI;65333;358
MARIA CLEMENTINA;22444;380
MARIA CRISTINA DI CIESCO;31036;363
MARIA CÂNDIDA;31153;673
MARIA DA SÉ;70344;132
MARIA DO GERALDINO;50242;117
MARIA FUENTES;14555;198
MARIA JOSÉ;65109;269
MARIA MELLO;27444;508
MARIA NATIVIDADE;13333;2624
MARIA ODILA;65567;29
MARIA REGINA;19266;326
MARIA SANCHEZ;14315;295
MARIANA;31200;121
MARIAZINHA;43313;498
MARILDA COBERARTE;10001;1920
MARILDA WATANABE;43789;636
MARILENA ROSALINO;43511;200
MARINGONI;50550;3018
MARIO COVAS NETO;45000;17477
MARIO DA SORVETERIA;19878;193
MARISA CARNICELLI;22245;590
MARISA DO METRÔ;16016;1021
MARIZETE CAMPOS;14517;546
MARLENE DEON;17500;47
MARLENE FURINO;13137;898
MARLY LAMARCA;14144;328
MARQUITO;14222;12794
MARRONZINHO DO TRÂNSITO;13188;399
MARTA COSTA;55400;14601
MARTA OLIVEIRA;33777;284
MARTHA KEIM;70370;2
MARTINS ARAUJO;11777;787
MARTINS DE ABREU;14044;653
MARY GARRAS;19789;190
MASSAGISTA CARLÃO;65861;229
MATEUS NOVAES;50950;1088
MATEUS SANTANA;20333;352
MATILDE;44723;137
MATTOS;15333;944
MAURICIO BANDEIRAS;44171;104
MAURICIO BONFIM;19669;116
MAURICIO LUDOVICO;14728;574
MAURICIO MARIANO;65551;578
MAURICIO MERLI;31113;609
MAURICIO PEREIRA;43033;471
MAURICIO PESSOA;33233;136
MAURO;27005;182
MAURO GAGO;33680;193
MEDEIROS;12300;9028
MELLO JUNIOR;65342;87
MESSIAS 'ZOIO';20117;505
MESTRE RICARDO;23787;330
MICHEL LUTAIF;50150;440
MICHELE;50998;3
MIGUEL CEM MIZÉRIA;12100;1075
MILA SALATA;14150;186
MILTON LEITE;25250;8135
MILTON MISSAKA;14266;676
MINEIRO;44155;567
MINEIRO GENTE DA GENTE;65150;201
MIRAM DA CONCEIÇÃO;10007;283
MIRANDA;43004;315
MIRIAM DAS FLORES;54161;161
MIRIAN DO BRASIL;70877;222
MIRO LEITÃO;23451;2467
MISSIONÁRIA CIDA;70652;130
MISSIONÁRIA EDILAINE PIRES;45045;8530
MODESTO;12777;695
MOISES PAPAI NOEL;44113;424
MOISÉS AFONSO;14510;546
MOISÉS PENA;20444;356
MONICA ELIANA;43141;256
MONICA FIGUEIRA;17778;41
MOOITTA;43064;303
MOSCA;43444;905
MOZAIR COSTA;33963;70
MOZART RUSSOMANNO;10999;8653
MULHER PÊRA;70070;1990
MYRIAN MASSAROLLO;33033;125
MYRYAM ATHIE;25500;2825
MÁRIO BORTOTO;50501;1121
MÁRIO GREGO;50664;166
NABIL BONDUKI;13633;13696
NADIA BACCHI DO FLORESCER;22200;1924
NADIR SAMPAIO;13500;1481
NAILTON;33215;65
NAIR COSTA;25025;925
NALVA FIEL;13987;13
NANI VENÂNCIO;10777;3210
NASCIMENTO;44447;245
NATAEL;43137;214
NATÁLIA PIMENTA;29229;384
NECO FIGA;19444;935
NEGRO COSMO;33400;216
NEI MOTOCICLISTA;50236;247
NEIDE DO EMILIO;50019;222
NEIDE FERREIRA;19051;185
NEIDE LANDE;65167;72
NEIDE RONDON;27587;214
NELO RODOLFO;15000;9974
NELSINHO PAULISTA;43123;1473
NELSON BENTO;12144;190
NELSON RIBAS;14500;629
NELSON SUSSUMU SHIKICIMA;14888;932
NELSON VALENTE;28888;317
NETINHO DE PAULA;65000;18107
NEUCELI RODRIGUES;55355;227
NEUSA DA SILVA;45899;700
NEUSA DAGLISIA;44028;172
NEUSA DE OLIVEIRA;19011;178
NEUSA RUOTOLO;33776;19
NEUZA ANDRADE;23681;2
NICE A DIARISTA;22100;330
NILDA;65165;1660
NILO;43222;702
NIVALDO DA RECICLAGEM;19129;374
NOCA BATUIRA;55444;1216
NOELIA SANTOS;70152;316
NOEMI NONATO;40401;13445
NONATO DA AUTO PEÇAS;19333;1111
NORBERTO BEIJOCA;14520;585
NORMA DAS PENSIONISTAS;14912;136
NUBIA CORREA;55007;255
NULLO CAPELOTTO;12205;98
NUNES PEIXEIRO;14400;1562
O HOMEM DA MOTO;44600;261
O PHUMAÇA;23420;239
ODAIR ABREU;31747;586
ODENILDO SOARES;65655;237
OLIVEIRA;55055;6257
OLIVEIRA JÁ;13999;922
OLIVEIRA SOUZA;19690;215
ORLANDO SILVA;65100;10172
OSIVALDO ROSA;31234;889
OSVALDINHO DA FEIRA MADRUGADA;44044;2100
OSVALDO ATLETA;44050;185
OSVALDO NUNES DA LOTAÇÃO;12020;287
OTA;40096;18281
PADRE VICENTE DA PAZ;27090;1359
PAGLIARIN;45920;6733
PAI GUIMARÃES;23777;3511
PAI VLADMIR DO OXÓSSI;19077;452
PAOLA ELIDE;43143;253
PAOLA PALOPITO;36200;80
PAPA JUNIOR;22345;639
PARANÁ;25333;684
PASTOR EDEMILSON CHAVES;11333;18834
PASTOR JOÃO LISBOA;31313;771
PASTOR MATUSALEM;43081;784
PASTORA LEA;19117;15
PATRICIA BEZERRA;45321;13932
PATRICIA LIBERATO;65104;3478
PATRICIA LIMA;14800;428
PATRICIO;43243;232
PATRICIO TUTTA;65377;204
PAULA BEATRIZ;50031;536
PAULINHA;36333;399
PAULINHO HELIÓPOLIS;13113;2713
PAULINHO LIBONATI;43007;779
PAULLO GUARDIÃO;12212;88
PAULLO VIEIRA;31400;1100
PAULO AMIGO DO BEM;43369;614
PAULO CAINE;23008;1678
PAULO CALLIS;28899;24
PAULO DO PROERD;43190;1564
PAULO FIORILO;13690;9611
PAULO FRANGE;14444;13102
PAULO GAVIÃO;65159;1548
PAULO HENRIQUE - PH;14380;147
PAULO ILLES;13771;1131
PAULO JOSÉ DA COSTA;55678;547
PAULO KORTE;15002;1893
PAULO LEONARDO;54444;295
PAULO MONTEIRO;43777;2493
PAULO RAMOS;43433;410
PAULO ROCHA;50888;253
PAULO SABOIA;54554;301
PAULO SPINA;50250;1398
PAULO TEIXEIRA;19700;463
PAULÃO DO POVÃO;27030;257
PEDRO AZAMBUJA;33971;116
PEDRO NASCIMENTO;15554;308
PEREIO;40444;1327
PEROZZO;23100;694
PIOLHO ( SENA);70777;493
PK DO PSOL;50157;10
POLACO;65129;128
POLICE NETO - VEREADOR NETINHO;55000;12348
POMARICO;31837;141
PR ATALAIA;25777;2659
PR EVANDRO ART;43743;422
PR MARCOS MIRANDA;23133;6127
PR. CARDOSO;14112;930
PR. CARLOS;23444;231
PR. JORGE;23477;165
PR. PAGLIARINI;45777;8582
PROF JANETE;12767;87
PROF JONIAS DE SOUZA;12127;534
PROF MARCELO;12500;531
PROF NILVA;12157;851
PROF ODETTE CARVALHO;12967;388
PROF TONINHO ORMUNDO;50789;4627
PROF VERA PINZON;50777;513
PROF. ABEL;23852;1121
PROF. ALESSANDRO ROSSINI;23223;710
PROF. ALVES RIBEIRO;54152;328
PROF. ANGELA VENANCIO;65700;464
PROF. FRANCISCO COSTA;65345;539
PROF. MARCEL FERRADA;43320;765
PROF. MARCO PANIQUAR;23007;122
PROF. NIVALDO MOURA;44955;271
PROF. PIPOCA;23013;1294
PROF. RENATO SANTOS;43210;2057
PROF. SHIN;31888;3182
PROF. VALDINÉIA;50143;21
PROF. VANDA ROSA;44344;203
PROF. WILLIAM SANCHES;15123;5955
PROF.CELSO ARAUJO;23700;429
PROF.LÉIA;44228;213
PROFESSOR ARNALDO;31910;884
PROFESSOR BIRA;10455;1044
PROFESSOR CARLITO;50612;494
PROFESSOR CLEBER ARAUJO;19012;899
PROFESSOR CLÁUDIO;15059;445
PROFESSOR DIMITRI;50200;430
PROFESSOR EDSON QUEIROZ;50050;631
PROFESSOR EMERSON;31453;1253
PROFESSOR EVERALDO;31110;434
PROFESSOR GIBA;13130;5493
PROFESSOR ISAIAS CORREIA RIBAS;43101;223
PROFESSOR MATIAS VIEIRA;13227;2020
PROFESSOR MIGUEL;17013;122
PROFESSOR NASSER;70123;399
PROFESSOR PERU;19979;420
PROFESSORA BIA DO RUTH;15922;1429
PROFESSORA FREIRE;31014;379
PROFESSORA IRENE;31016;888
PROFESSORA LEDINHA;31231;423
PROFESSORA MARGARIDA;10194;564
PROFESSORA MARIETTE;70555;131
PROFESSORA ROSIRIS;14900;673
PROFESSORA SONINHA;31015;313
PROFESSORA VIVIAN PIN;31789;600
PROFª ELIANE REIS;40008;470
PROFª MAJÔ;65303;271
PROFª MARIVALDA;13773;350
PROFª ROSANGELA RESENDE;23116;16
PROFª ZINHA;23137;716
PROFª. LUCY;10190;733
PROFª. MAFALDA;33563;299
PROFº EMERSON;65888;462
QUITO FORMIGA;22700;11638
RAFAEL DE OLIVEIRA;27333;185
RAFAEL MARMO;50060;713
RAFAEL ONG;14012;554
RALFI;20888;341
RAUL FELIX;31009;195
RAUL GIL JR;20500;9127
REANOLFO;36100;193
REGIANE OLIVEIRA;36909;27
REGINA LAURA;43043;852
REGIS;70200;219
REGIS DO FORRÓ;44150;79
REINALDO;13000;5376
REIS;13651;9635
REJANE DIAS;14011;372
RENATO BORGIANI;31758;440
RG RICARDO GOMES;25888;1066
RIBAMAR;23400;449
RICARDINHO DA COHABE;17167;509
RICARDO BUNDUKY;40040;165
RICARDO DOS PROJETOS;70973;26
RICARDO GIANNICO;22321;998
RICARDO HOLZ;15610;1235
RICARDO L. CARMO;15888;1577
RICARDO NICASTRO;40087;131
RICARDO NUNES;15115;7382
RICARDO OKADA;44001;85
RICARDO REI;50800;458
RICARDO TEIXEIRA;43678;8573
RICARDO YOUNG;23000;13665
RICCO SANT'ANNA;14522;2454
RICHARD;23180;190
RICHARD ARAÚJO;16009;38
RINALDO VIANA;20190;381
RITA XT;13177;453
RIVER;23258;646
ROBERTA NININ;13413;58
ROBERTO AVELINO;19319;128
ROBERTO CASSEB;13111;3651
ROBERTO GUIDO;13131;3613
ROBERTO MAGUILA DO BRAS;70667;290
ROBERTO PIRES;15621;2386
ROBERTO REIS ( CACO);70300;211
ROBERTO VENTURA;28828;165
ROBSON PASTEL;14007;1158
ROCHA DA PENHA;70015;174
RODNEI MACHADO;31100;1029
RODOLFO DESPACHANTE;31380;1649
ROGER PROFESSOR E SOCIALISTA;16001;426
ROGERIO LOPES;10300;663
ROGÉRIO AZEVEDO;15001;2929
ROGÉRIO FREIHAT;65533;234
ROGÉRIO MARQUES;14477;809
ROGÉRIO RODRIGUES;20400;1315
ROMEL GIMENES;13668;1006
RONY PETERSON;28848;628
ROQUE JORGE;65188;413
ROSA LIA;15014;11
ROSA MARIA;28829;19
ROSA RIBEIRO;70377;103
ROSA RICHTER;55888;3254
ROSALVO SALGUEIRO;45400;2443
ROSANGELA MELLO;31287;370
ROSATTO;14999;198
ROSE ALEIXO;13725;37
ROSE DO LIMÃO;33127;140
ROSEMERI MARCONDES;27014;251
ROSSANO LIPPI;19998;453
ROSÂNGELA ZANON;54999;10
ROVERE;20193;107
ROZUYTA;54144;105
RUBENITO;19123;274
RUBENS ITO;12790;232
RUBENS PROENÇA;50500;340
RUBINHO DO POVO;65640;388
RUTH ROCHA;36896;226
SAITO SAN;31004;666
SALOMÃO PEREIRA;45500;13168
SAMANTHA CONSTANZA;31311;1637
SAMANTHA MORAES;15999;1334
SANDRA HAINE;31321;286
SANDRA PANDOLFI;43040;550
SANDRA TADEU;25000;13075
SANDRO ALVES;50333;99
SANDRO LIMA DA SAÚDE;12192;492
SANDRO SURDO;50033;2168
SARGENTO MAURICIO DE SOUZA;31112;228
SAUDE ABEL;12666;209
SELMA ROCHA;13310;10834
SENIVAL MOURA;13800;8138
SERGINHO BBB;55025;2385
SERGINHO DA LAN HOUSE;19130;367
SERGIO KOEI;16002;130
SERGIO OLIVASTRO;23234;530
SERGIO OLIVEIRA;12193;1104
SERGIO OLIVEIRA FILHO;11222;681
SERGIO TERRA;23363;1156
SERROTE;12012;2916
SEU JORGE 'MARTINHO DA VILA';43634;446
SEU MADRUGA;20631;838
SGT MENDES;50151;11
SIDERAL;54500;296
SIDNEI DA ROCHA CUPIDO;43734;235
SIDNEI SILVA;23111;672
SIDNEY OLIVEIRA;43543;11349
SILAS VAZ;19009;573
SILVANA;44147;113
SILVETTY MONTILLA;50077;3926
SILVIA CRISTINA;36117;15
SILVINHO PARA VEREADOR DO POVO;31124;177
SILVIO CAMBAÚVA;11117;538
SILVIO CICA TRAVASSOS;31999;346
SIMONE GOMES;31068;373
SIMONE HIEDA;20033;39
SINIR BENTO;54123;547
SOFIA Y.;50882;10
SOL;14567;133
SONIA MONTENEGRO;50009;255
SONINHA DE JESUS;23692;262
SONRISAL;31211;727
SOSTENES BARBOSA;65789;1091
SOUZA SANTOS;55255;11405
STEFANUS TETÉU;44048;381
STELA MARIS;23654;201
STEVE HWANG;19888;357
SU SAAD;31310;355
SUB NEZINHO ( RECO);13117;1050
SUELI AMORIM;11112;298
SUELI DA PAZ;31017;318
SUELY PINGO DE OURO;44444;670
SYDARA;15325;176
SÉRGIO GIM;15051;392
SÉRGIO OSICRAN;14689;2182
T. KAÇULA;65656;1011
TACHIBANA;13600;1159
TAINAH BENTO VIDAL;50885;88
TAIU BUENO;14777;2929
TAKARA;43026;895
TANDÃO;19200;2559
TANIA MIRANDA;23069;69
TAVOLIERI;14300;628
TECA MARQUES;27477;154
TERESA RIBEIRO;13644;7903
TERESINHA NEVES;20020;3611
TEREZA R. SOUZA;43061;95
TEREZINHA;65147;42
TESTA;40651;215
THABATA YAMAUCHI;10333;3858
THAIS HORTA;43377;824
THIAGO ARIKAWA;15651;571
TIA TELMA;28855;271
TIAGO BERNARDO;19069;195
TIGUEIS;12000;1658
TIO ARCANOS;50368;169
TIO PEÇAS ( LAILSON );17017;352
TIRRIM;14153;582
TIÃO BEZERRA;13663;3487
TIÃOZINHO FORÇA JOVEM;27576;425
TONHÃO SOM DE CRISTAL;12510;151
TONINHO CURUÇÁ;19017;290
TONINHO DELPPEM;33162;243
TONINHO FRANCISCO;70888;246
TONINHO PAIVA;22611;7876
TONINHO SILVA;15190;1320
TONINHO VESPOLI;50650;3860
TOTÓ;33300;28
TRANQUILLO MORTELE;29329;574
TRIPOLI;43666;21551
TUNA;65444;443
TÂMIDE SZULKIN;11456;353
VALDECIR CABRA BOM;14100;5791
VALDETINO QUEIROZ;65151;110
VALDIR SAMPELL;23267;838
VALDIR TIMOTEO;44100;522
VALERIA DOMINGOS;27026;23
VALMIR MOTORISTA LOBO;43235;1046
VALMIR É FIEL;65017;504
VALTER LIMA;43070;382
VALTER TOMAZ;44005;413
VALÉRIA LEÃO;65010;155
VALÉRIA MAURÍCIO;50413;70
VANDA MARIA;19707;2
VANDERLEI MACHADO;14611;397
VANDERLUCIO;43333;2484
VANIA PLACIDO;44054;103
VAPAM RUANA;28820;74
VARGAS NETO;44077;270
VARGNER DO REPÚDIO;15568;338
VAVA DOS TRANSPORTES;13015;10710
VERA;19194;125
VERA ANGELO;23150;49
VERA DIAS;23112;220
VERA DONDA;12311;30
VERA GOULART;13713;624
VERA LINS;14031;459
VERA LUCIA;14027;242
VERA MOREIRA;13171;46
VERA VIEIRA;65315;10
VERGUEIRO;70008;83
VERINHA;13678;6923
VICENTE DO ESTACIONAMENTO;23154;254
VICENTE VISCOME;44700;2137
VICTOR KOBAYASHI;55100;7706
VILMAR TEIXEIRA;27778;159
VILSON ANTONIO;16003;24
VINICÍUS MOREIRA;14514;370
VIRA LATA;10520;672
VITAL BALAIO;14030;623
VITOR DO TAXI;43603;182
VITOR RODRIGUEZ DE ARAUJO;70234;305
VITÓRIO QUEIROZ;50018;220
VIVI D'AGOSTINO;55855;295
VIVIANE DINIZ;50887;11
VIVIANI FERRAZ;22626;2679
VLADIMIR SOUZA;44999;143
VOGPP - MARIA DE LOURDES;23147;109
VOVÓ DA FIEL;55111;3118
WADIH MUTRAN;11624;4956
WADÃO E O JEGUE DENTE DE OURO;15234;296
WAGNER MANFRE;23011;438
WAGNER S. CASTRO;27644;275
WALTER FELIX;43151;445
WATANABE;14169;1173
WELLINGTON REIS;40130;736
WILLAMS ARIS;50600;743
WILLIAM DO GARAJÃO;65374;309
WILLIAM FREITAS;10200;1299
WILLIAM KRONENBERGER;20111;306
WILMA MIRANDA;14040;312
WILSON BEIJA FLOR;19799;241
WILSON GUANAIS;12195;92
XAVIER LOPES;43445;510
XOXO;23623;424
YAMADA;23222;2897
YEDA;19221;77
ZAMBERETTI;25225;5062
ZEBRÃO;14013;238
ZELÃO;13133;5835
ZENAIDE;33600;26
ZENILTON;31111;624
ZORAIDE NOBRE;10910;321
ZÉ CABELEIREIRO;50450;791
ZÉ CARLOS;13122;2957
ZÉ CLAUDIO;31452;518
ZÉ DA LUA;19299;168
ZÉ LOPES;45122;2096
ZÉ MARIA DO FUTEBOL;27100;455
ZÉ MINEIRO;33100;816
ZÉ PILLIN;28851;181
ZÉ TRINDADE;65650;191
ZÉ TURIN;45800;6358
ZÓZIMO MARANHÃO;33700;161
ÁLVARO;27222;293
ÁQUISON;33933;95
